model,r2,rmse,mae
XGBoost(RandomSearch),0.9934021560104805,712.6754133987544,556.5217863769532
Lasso,0.9206597799635812,2471.36820791598,1788.7051688459135
LinearRegression,0.9206451826198906,2471.595543761073,1788.7441526736482
Ridge,0.9206417496605154,2471.649004884227,1789.0036010077004
