feature,VIF
income_lakhs,1.1346514362311213
age,1.134374403873302
number_of_dependants,1.0102630457221549
